cropped-1.jpg,0
cropped-2.jpg,0
cropped-3.jpg,0
cropped-4.jpg,0
cropped-5.jpg,0
cropped-6.jpg,0
cropped-7.jpg,0
cropped-8.jpg,0
cropped-9.jpg,0
cropped-10.jpg,0
cropped-11.jpg,0
cropped-16.jpg,0
cropped-17.jpg,0
cropped-18.jpg,0
cropped-19.jpg,0
cropped-20.jpg,0
cropped-21.jpg,0
cropped-28.jpg,0
cropped-29.jpg,0
cropped-30.jpg,0
cropped-38.jpg,0
cropped-39.jpg,0
cropped-40.jpg,0
cropped-41.jpg,0
cropped-42.jpg,0
cropped-43.jpg,0
cropped-44.jpg,0
cropped-45.jpg,0
cropped-81.jpg,0
cropped-82.jpg,0
cropped-83.jpg,0
cropped-84.jpg,0
cropped-85.jpg,0
cropped-86.jpg,0
cropped-87.jpg,0
cropped-88.jpg,0
cropped-89.jpg,0
cropped-90.jpg,0
cropped-94.jpg,0
cropped-95.jpg,0
cropped-96.jpg,0
cropped-97.jpg,0
cropped-98.jpg,0
cropped-99.jpg,0
cropped-100.jpg,0
cropped-101.jpg,0
cropped-103.jpg,0
cropped-104.jpg,0
cropped-106.jpg,0
cropped-107.jpg,0
cropped-108.jpg,0
cropped-109.jpg,0
cropped-110.jpg,0
cropped-111.jpg,0
cropped-112.jpg,0
cropped-113.jpg,0
cropped-114.jpg,0
cropped-115.jpg,0
cropped-116.jpg,0
cropped-117.jpg,0
cropped-129.jpg,0
cropped-130.jpg,0
cropped-131.jpg,0
cropped-132.jpg,0
cropped-133.jpg,0
cropped-134.jpg,0
cropped-135.jpg,0
cropped-151.jpg,0
cropped-183.jpg,0
cropped-184.jpg,0
cropped-185.jpg,0
cropped-186.jpg,0
cropped-187.jpg,0
cropped-188.jpg,0
cropped-189.jpg,0
cropped-190.jpg,0
cropped-191.jpg,0
cropped-192.jpg,0
cropped-193.jpg,0
cropped-200.jpg,0
cropped-201.jpg,0
cropped-202.jpg,0
cropped-203.jpg,0
cropped-204.jpg,0
cropped-205.jpg,0
cropped-206.jpg,0
cropped-207.jpg,0
cropped-208.jpg,0
cropped-217.jpg,0
cropped-218.jpg,0
cropped-219.jpg,0
cropped-220.jpg,0
cropped-221.jpg,0
cropped-222.jpg,0
cropped-223.jpg,0
cropped-224.jpg,0
cropped-230.jpg,0
cropped-231.jpg,0
cropped-232.jpg,0
cropped-256.jpg,0
cropped-257.jpg,0
cropped-258.jpg,0
cropped-259.jpg,0
cropped-260.jpg,0
cropped-261.jpg,0
cropped-262.jpg,0
cropped-263.jpg,0
cropped-264.jpg,0
cropped-265.jpg,0
cropped-266.jpg,0
cropped-267.jpg,0
cropped-294.jpg,0
cropped-295.jpg,0
cropped-296.jpg,0
cropped-297.jpg,0
cropped-298.jpg,0
cropped-299.jpg,0
cropped-300.jpg,0
cropped-301.jpg,0
cropped-305.jpg,0
cropped-306.jpg,0
cropped-307.jpg,0
cropped-308.jpg,0
cropped-309.jpg,0
cropped-310.jpg,0
cropped-311.jpg,0
cropped-312.jpg,0
cropped-313.jpg,0
cropped-314.jpg,0
cropped-315.jpg,0
cropped-324.jpg,0
cropped-325.jpg,0
cropped-326.jpg,0
cropped-327.jpg,0
cropped-328.jpg,0
cropped-329.jpg,0
cropped-330.jpg,0
cropped-356.jpg,0
cropped-357.jpg,0
cropped-358.jpg,0
cropped-359.jpg,0
cropped-360.jpg,0
cropped-361.jpg,0
cropped-362.jpg,0
cropped-363.jpg,0
cropped-364.jpg,0
cropped-365.jpg,0
cropped-400.jpg,0
cropped-401.jpg,0
cropped-402.jpg,0
cropped-403.jpg,0
cropped-404.jpg,0
cropped-405.jpg,0
cropped-424.jpg,0
cropped-425.jpg,0
cropped-426.jpg,0
cropped-427.jpg,0
cropped-428.jpg,0
cropped-429.jpg,0
cropped-430.jpg,0
cropped-431.jpg,0
cropped-432.jpg,0
cropped-433.jpg,0
cropped-434.jpg,0
cropped-457.jpg,0
cropped-458.jpg,0
cropped-459.jpg,0
cropped-460.jpg,0
cropped-461.jpg,0
cropped-462.jpg,0
cropped-489.jpg,0
cropped-490.jpg,0
cropped-491.jpg,0
cropped-492.jpg,0
cropped-493.jpg,0
cropped-494.jpg,0
cropped-495.jpg,0
cropped-505.jpg,0
cropped-506.jpg,0
cropped-507.jpg,0
cropped-508.jpg,0
cropped-509.jpg,0
cropped-510.jpg,0
cropped-529.jpg,0
cropped-530.jpg,0
cropped-531.jpg,0
cropped-532.jpg,0
cropped-533.jpg,0
cropped-617.jpg,0
cropped-618.jpg,0
cropped-619.jpg,0
cropped-620.jpg,0
cropped-621.jpg,0
cropped-622.jpg,0
cropped-623.jpg,0
cropped-624.jpg,0
cropped-625.jpg,0
cropped-626.jpg,0
cropped-627.jpg,0
cropped-628.jpg,0
cropped-629.jpg,0
cropped-630.jpg,0
cropped-845.jpg,0
cropped-846.jpg,0
cropped-847.jpg,0
cropped-848.jpg,0
cropped-849.jpg,0
cropped-1005.jpg,0
cropped-1046.jpg,0
cropped-1047.jpg,0
cropped-1048.jpg,0
cropped-1049.jpg,0
cropped-1050.jpg,0
cropped-1115.jpg,0
cropped-1116.jpg,0
cropped-1117.jpg,0
cropped-1118.jpg,0
cropped-1119.jpg,0
cropped-1120.jpg,0
cropped-1121.jpg,0
cropped-1122.jpg,0
cropped-1193.jpg,0
cropped-1194.jpg,0
cropped-1195.jpg,0
cropped-1196.jpg,0
cropped-1197.jpg,0
cropped-1238.jpg,0
cropped-1239.jpg,0
cropped-1240.jpg,0
cropped-1241.jpg,0
cropped-1242.jpg,0
cropped-1243.jpg,0
cropped-1244.jpg,0
cropped-1245.jpg,0
cropped-1345.jpg,0
cropped-1346.jpg,0
cropped-1347.jpg,0
cropped-1348.jpg,0
cropped-1349.jpg,0
cropped-1350.jpg,0
cropped-1538.jpg,0
cropped-1539.jpg,0
cropped-1540.jpg,0
cropped-1541.jpg,0
cropped-1542.jpg,0
cropped-1543.jpg,0
cropped-1544.jpg,0
cropped-1545.jpg,0
cropped-1634.jpg,0
cropped-1635.jpg,0
cropped-1658.jpg,0
cropped-1659.jpg,0
cropped-1660.jpg,0
cropped-1661.jpg,0
cropped-1964.jpg,0
cropped-1965.jpg,0
cropped-48.jpg,1
cropped-63.jpg,1
cropped-64.jpg,1
cropped-65.jpg,1
cropped-66.jpg,1
cropped-73.jpg,1
cropped-74.jpg,1
cropped-275.jpg,1
cropped-276.jpg,1
cropped-277.jpg,1
cropped-278.jpg,1
cropped-279.jpg,1
cropped-286.jpg,1
cropped-339.jpg,1
cropped-340.jpg,1
cropped-341.jpg,1
cropped-342.jpg,1
cropped-382.jpg,1
cropped-383.jpg,1
cropped-731.jpg,1
cropped-732.jpg,1
cropped-733.jpg,1
cropped-737.jpg,1
cropped-948.jpg,1
cropped-949.jpg,1
cropped-994.jpg,1
cropped-995.jpg,1
cropped-1002.jpg,1
cropped-1003.jpg,1
cropped-1082.jpg,1
cropped-1083.jpg,1
cropped-1084.jpg,1
cropped-1092.jpg,1
cropped-1093.jpg,1
cropped-1094.jpg,1
cropped-1095.jpg,1
cropped-1336.jpg,1
cropped-1337.jpg,1
cropped-1374.jpg,1
cropped-1636.jpg,1
cropped-1637.jpg,1
cropped-1638.jpg,1
cropped-1831.jpg,1
cropped-1832.jpg,1
cropped-2086.jpg,1
cropped-2087.jpg,1
cropped-2088.jpg,1
cropped-2089.jpg,1
cropped-2090.jpg,1
cropped-2091.jpg,1
cropped-2092.jpg,1
cropped-2097.jpg,1
cropped-2178.jpg,1
cropped-2179.jpg,1
cropped-2180.jpg,1
cropped-2187.jpg,1
cropped-2188.jpg,1
cropped-2477.jpg,1
cropped-2478.jpg,1
cropped-2495.jpg,1
cropped-2496.jpg,1
cropped-2497.jpg,1
cropped-2526.jpg,1
cropped-2533.jpg,1
cropped-118.jpg,0
cropped-119.jpg,0
cropped-120.jpg,0
cropped-121.jpg,0
cropped-122.jpg,0
cropped-123.jpg,0
cropped-124.jpg,0
cropped-125.jpg,0
cropped-126.jpg,0
cropped-127.jpg,0
cropped-128.jpg,0
cropped-136.jpg,0
cropped-137.jpg,0
cropped-138.jpg,0
cropped-139.jpg,0
cropped-140.jpg,0
cropped-141.jpg,0
cropped-142.jpg,0
cropped-143.jpg,0
cropped-144.jpg,0
cropped-145.jpg,0
cropped-146.jpg,0
cropped-147.jpg,0
cropped-148.jpg,0
cropped-149.jpg,0
cropped-150.jpg,0
cropped-152.jpg,0
cropped-153.jpg,0
cropped-154.jpg,0
cropped-155.jpg,0
cropped-156.jpg,0
cropped-157.jpg,0
cropped-158.jpg,0
cropped-159.jpg,0
cropped-160.jpg,0
cropped-166.jpg,0
cropped-167.jpg,0
cropped-168.jpg,0
cropped-169.jpg,0
cropped-170.jpg,0
cropped-171.jpg,0
cropped-177.jpg,0
cropped-178.jpg,0
cropped-179.jpg,0
cropped-180.jpg,0
cropped-181.jpg,0
cropped-182.jpg,0
cropped-271.jpg,0
cropped-272.jpg,0
cropped-273.jpg,0
cropped-274.jpg,0
cropped-288.jpg,0
cropped-289.jpg,0
cropped-290.jpg,0
cropped-291.jpg,0
cropped-292.jpg,0
cropped-293.jpg,0
cropped-302.jpg,0
cropped-303.jpg,0
cropped-304.jpg,0
cropped-316.jpg,0
cropped-317.jpg,0
cropped-318.jpg,0
cropped-319.jpg,0
cropped-320.jpg,0
cropped-321.jpg,0
cropped-322.jpg,0
cropped-323.jpg,0
cropped-331.jpg,0
cropped-332.jpg,0
cropped-333.jpg,0
cropped-334.jpg,0
cropped-335.jpg,0
cropped-336.jpg,0
cropped-337.jpg,0
cropped-338.jpg,0
cropped-346.jpg,0
cropped-347.jpg,0
cropped-348.jpg,0
cropped-349.jpg,0
cropped-350.jpg,0
cropped-351.jpg,0
cropped-352.jpg,0
cropped-353.jpg,0
cropped-354.jpg,0
cropped-355.jpg,0
cropped-366.jpg,0
cropped-391.jpg,0
cropped-392.jpg,0
cropped-393.jpg,0
cropped-394.jpg,0
cropped-395.jpg,0
cropped-396.jpg,0
cropped-397.jpg,0
cropped-398.jpg,0
cropped-399.jpg,0
cropped-406.jpg,0
cropped-407.jpg,0
cropped-408.jpg,0
cropped-409.jpg,0
cropped-410.jpg,0
cropped-411.jpg,0
cropped-412.jpg,0
cropped-413.jpg,0
cropped-414.jpg,0
cropped-415.jpg,0
cropped-416.jpg,0
cropped-417.jpg,0
cropped-418.jpg,0
cropped-481.jpg,0
cropped-482.jpg,0
cropped-483.jpg,0
cropped-484.jpg,0
cropped-485.jpg,0
cropped-486.jpg,0
cropped-487.jpg,0
cropped-488.jpg,0
cropped-496.jpg,0
cropped-497.jpg,0
cropped-498.jpg,0
cropped-499.jpg,0
cropped-500.jpg,0
cropped-501.jpg,0
cropped-502.jpg,0
cropped-503.jpg,0
cropped-504.jpg,0
cropped-511.jpg,0
cropped-512.jpg,0
cropped-513.jpg,0
cropped-514.jpg,0
cropped-515.jpg,0
cropped-516.jpg,0
cropped-517.jpg,0
cropped-518.jpg,0
cropped-519.jpg,0
cropped-520.jpg,0
cropped-521.jpg,0
cropped-522.jpg,0
cropped-523.jpg,0
cropped-524.jpg,0
cropped-525.jpg,0
cropped-526.jpg,0
cropped-527.jpg,0
cropped-528.jpg,0
cropped-534.jpg,0
cropped-535.jpg,0
cropped-536.jpg,0
cropped-537.jpg,0
cropped-538.jpg,0
cropped-539.jpg,0
cropped-540.jpg,0
cropped-541.jpg,0
cropped-542.jpg,0
cropped-543.jpg,0
cropped-544.jpg,0
cropped-545.jpg,0
cropped-546.jpg,0
cropped-547.jpg,0
cropped-548.jpg,0
cropped-549.jpg,0
cropped-550.jpg,0
cropped-551.jpg,0
cropped-552.jpg,0
cropped-553.jpg,0
cropped-554.jpg,0
cropped-555.jpg,0
cropped-556.jpg,0
cropped-557.jpg,0
cropped-558.jpg,0
cropped-559.jpg,0
cropped-560.jpg,0
cropped-561.jpg,0
cropped-562.jpg,0
cropped-563.jpg,0
cropped-564.jpg,0
cropped-565.jpg,0
cropped-566.jpg,0
cropped-567.jpg,0
cropped-568.jpg,0
cropped-569.jpg,0
cropped-570.jpg,0
cropped-571.jpg,0
cropped-572.jpg,0
cropped-573.jpg,0
cropped-574.jpg,0
cropped-575.jpg,0
cropped-576.jpg,0
cropped-577.jpg,0
cropped-578.jpg,0
cropped-579.jpg,0
cropped-580.jpg,0
cropped-581.jpg,0
cropped-582.jpg,0
cropped-583.jpg,0
cropped-584.jpg,0
cropped-585.jpg,0
cropped-586.jpg,0
cropped-587.jpg,0
cropped-588.jpg,0
cropped-589.jpg,0
cropped-590.jpg,0
cropped-591.jpg,0
cropped-592.jpg,0
cropped-593.jpg,0
cropped-594.jpg,0
cropped-595.jpg,0
cropped-596.jpg,0
cropped-597.jpg,0
cropped-598.jpg,0
cropped-599.jpg,0
cropped-600.jpg,0
cropped-601.jpg,0
cropped-602.jpg,0
cropped-603.jpg,0
cropped-604.jpg,0
cropped-605.jpg,0
cropped-606.jpg,0
cropped-607.jpg,0
cropped-608.jpg,0
cropped-609.jpg,0
cropped-610.jpg,0
cropped-611.jpg,0
cropped-612.jpg,0
cropped-613.jpg,0
cropped-614.jpg,0
cropped-615.jpg,0
cropped-616.jpg,0
cropped-631.jpg,0
cropped-632.jpg,0
cropped-633.jpg,0
cropped-634.jpg,0
cropped-635.jpg,0
cropped-636.jpg,0
cropped-637.jpg,0
cropped-638.jpg,0
cropped-639.jpg,0
cropped-640.jpg,0
cropped-641.jpg,0
cropped-642.jpg,0
cropped-643.jpg,0
cropped-644.jpg,0
cropped-645.jpg,0
cropped-646.jpg,0
cropped-647.jpg,0
cropped-648.jpg,0
cropped-649.jpg,0
cropped-650.jpg,0
cropped-651.jpg,0
cropped-652.jpg,0
cropped-653.jpg,0
cropped-654.jpg,0
cropped-655.jpg,0
cropped-656.jpg,0
cropped-657.jpg,0
cropped-658.jpg,0
cropped-659.jpg,0
cropped-660.jpg,0
cropped-661.jpg,0
cropped-662.jpg,0
cropped-663.jpg,0
cropped-664.jpg,0
cropped-665.jpg,0
cropped-666.jpg,0
cropped-667.jpg,0
cropped-668.jpg,0
cropped-669.jpg,0
cropped-670.jpg,0
cropped-671.jpg,0
cropped-672.jpg,0
cropped-673.jpg,0
cropped-674.jpg,0
cropped-675.jpg,0
cropped-676.jpg,0
cropped-677.jpg,0
cropped-678.jpg,0
cropped-679.jpg,0
cropped-680.jpg,0
cropped-681.jpg,0
cropped-682.jpg,0
cropped-683.jpg,0
cropped-684.jpg,0
cropped-685.jpg,0
cropped-686.jpg,0
cropped-687.jpg,0
cropped-688.jpg,0
cropped-689.jpg,0
cropped-690.jpg,0
cropped-726.jpg,0
cropped-727.jpg,0
cropped-728.jpg,0
cropped-729.jpg,0
cropped-730.jpg,0
cropped-734.jpg,0
cropped-735.jpg,0
cropped-738.jpg,0
cropped-739.jpg,0
cropped-740.jpg,0
cropped-741.jpg,0
cropped-742.jpg,0
cropped-743.jpg,0
cropped-744.jpg,0
cropped-745.jpg,0
cropped-746.jpg,0
cropped-747.jpg,0
cropped-748.jpg,0
cropped-749.jpg,0
cropped-750.jpg,0
cropped-751.jpg,0
cropped-752.jpg,0
cropped-753.jpg,0
cropped-754.jpg,0
cropped-755.jpg,0
cropped-756.jpg,0
cropped-757.jpg,0
cropped-758.jpg,0
cropped-759.jpg,0
cropped-760.jpg,0
cropped-761.jpg,0
cropped-762.jpg,0
cropped-763.jpg,0
cropped-764.jpg,0
cropped-765.jpg,0
cropped-766.jpg,0
cropped-767.jpg,0
cropped-768.jpg,0
cropped-769.jpg,0
cropped-770.jpg,0
cropped-771.jpg,0
cropped-772.jpg,0
cropped-773.jpg,0
cropped-774.jpg,0
cropped-775.jpg,0
cropped-776.jpg,0
cropped-777.jpg,0
cropped-778.jpg,0
cropped-779.jpg,0
cropped-780.jpg,0
cropped-781.jpg,0
cropped-782.jpg,0
cropped-783.jpg,0
cropped-784.jpg,0
cropped-785.jpg,0
cropped-12.jpg,1
cropped-15.jpg,1
cropped-46.jpg,1
cropped-75.jpg,1
cropped-78.jpg,1
cropped-79.jpg,1
cropped-80.jpg,1
cropped-287.jpg,1
cropped-717.jpg,1
cropped-718.jpg,1
cropped-719.jpg,1
cropped-736.jpg,1